{
  "current": "Fashion",
  "presets": {
    "Fashion": {
      "bg_image": "",
      "bg_image_display": "tile",
      "color_body_bg": "#ffffff",
      "color_footer_bg": "#222222",
      "color_borders": "#dddddd",
      "color_topbar_bg": "#222222",
      "color_topbar_text": "#bbbbbb",
      "color_primary": "#e42c00",
      "color_button_primary_text": "#ffffff",
      "color_secondary": "#767676",
      "color_button_secondary_text": "#ffffff",
      "color_header_text": "#333333",
      "color_body_text": "#555555",
      "color_footer_text": "#dddddd",
      "color_footer_social_link": "#dddddd",
      "type_base_family": "'HelveticaNeue', 'Helvetica Neue', Helvetica, Arial, sans-serif",
      "type_base_size": "16px",
      "type_header_family": "Google_Asap_400_sans",
      "type_header_size": "32px",
      "type_accent_family": "'HelveticaNeue', 'Helvetica Neue', Helvetica, Arial, sans-serif",
      "type_accent_size": "16px",
      "logo_use_image": false,
      "logo_max_width": "450",
      "nav_below_logo": false,
      "show_header_lines": true,
      "favicon_enable": false,
      "header_message": "",
      "header_search_enable": true,
      "footer_blog_enable": false,
      "footer_blog": "",
      "footer_quicklinks_enable": true,
      "footer_quicklinks_linklist": "footer",
      "footer_second_menu_enable": false,
      "footer_second_menu": "",
      "footer_social_enable": true,
      "social_twitter_link": "",
      "social_facebook_link": "",
      "social_pinterest_link": "",
      "social_google_plus_link": "",
      "social_instagram_link": "",
      "social_tumblr_link": "",
      "social_youtube_link": "",
      "social_vimeo_link": "",
      "social_fancy_link": "",
      "social_rss_link": "",
      "footer_contact_enable": false,
      "footer_contact_text": "",
      "footer_newsletter_enable": true,
      "footer_show_methods_of_payment": true,
      "newsletter_form_action": "",
      "home_section_1": "slider",
      "home_section_2": "featured-products",
      "home_section_3": "",
      "home_section_4": "",
      "home_section_5": "",
      "home_show_headings": true,
      "slider_home_auto": true,
      "slider_home_show_dots": false,
      "slider_home_rate": "7000",
      "slider_home_transition": "slide",
      "slide_1": true,
      "slide_1_link": "\/collections\/all",
      "slide_1_alt": "",
      "slide_2": true,
      "slide_2_link": "\/collections\/all",
      "slide_2_alt": "",
      "slide_3": false,
      "slide_3_link": "",
      "slide_3_alt": "",
      "slide_4": false,
      "slide_4_link": "",
      "slide_4_alt": "",
      "slide_5": false,
      "slide_5_link": "",
      "slide_5_alt": "",
      "slide_6": false,
      "slide_6_link": "",
      "slide_6_alt": "",
      "show_promo_image_1": false,
      "promo_image_1_link": "",
      "promo_image_1_alt": "",
      "show_promo_image_2": false,
      "promo_image_2_link": "",
      "promo_image_2_alt": "",
      "show_promo_image_3": false,
      "promo_image_3_link": "",
      "promo_image_3_alt": "",
      "show_promo_image_4": false,
      "promo_image_4_link": "",
      "promo_image_4_alt": "",
      "home_featured_collections_sort": "auto",
      "collection_1": "",
      "collection_2": "",
      "collection_3": "",
      "collection_4": "",
      "collection_5": "",
      "home_featured_products": "frontpage",
      "home_featured_products_num": "4",
      "home_page_content": "frontpage",
      "home_page_show_heading": true,
      "home_page_full_width": true,
      "product_quantity_enable": false,
      "product_image_zoom_type": "lightbox",
      "product_thumbnails_position": "right",
      "product_related_enable": true,
      "collections_vendor_enable": true,
      "collections_show_sale_circle": true,
      "collections_show_sold_out_circle": true,
      "collections_sort_enable": true,
      "collections_tags_enable": true,
      "collections_center_grid_link": false,
      "blog_author_enable": false,
      "cart_notes_enable": true,
      "twittercard_handle": "",
      "social_sharing_products": true,
      "social_sharing_blog": true,
      "social_sharing_count": true,
      "social_sharing_style": "normal",
      "share_facebook": true,
      "share_twitter": true,
      "share_pinterest": true,
      "share_fancy": true,
      "share_google": true,
      "checkout_heading_font": "Helvetica Neue",
      "checkout_body_font": "Helvetica Neue",
      "checkout_accent_color": "#e42c00",
      "checkout_button_color": "#e42c00",
      "checkout_error_color": "#e42c00"
    }
  }
}